amazon_search_url,asin,currency,discount_pct,image_urls,images,name,num_of_ratings,price,search_term,search_term_id,star_rating,url
https://www.amazon.com/s?k=Hyperko+Boxing+Shoes,B07ZVZ8QYJ,$,,https://m.media-amazon.com/images/I/61FQVEmo5DL._AC_UL1500_.jpg,,Nike Hypersweep Mens Wrestling Shoes 717175-001 Size 14 Black/Metallic Gold,,209.99,Hyperko Boxing Shoes,nan,,https://www.amazon.com/Nike-Hypersweep-Wrestling-717175-001-Metallic/dp/B07ZVZ8QYJ
https://www.amazon.com/s?k=Hyperko+Boxing+Shoes,B01N6KOR8C,$,,https://m.media-amazon.com/images/I/61MQ-Cd0-rL._AC_UL1500_.jpg,,Title Speed-Flex Encore Tall Boxing Shoes Size 10 Black,37,54.99,Hyperko Boxing Shoes,nan,4.7,https://www.amazon.com/TITLE-Speed-Flex-Encore-Boxing-Shoes/dp/B01N6KOR8C
https://www.amazon.com/s?k=Hyperko+Boxing+Shoes,B07BS3R3P1,$,,https://m.media-amazon.com/images/I/61ibXqJztiL._AC_UL1500_.jpg,,"New Elite High Top Boxing Shoes - Black, Blue, Red",625,99.89,Hyperko Boxing Shoes,nan,4.7,https://www.amazon.com/Everlast-Elite-High-Boxing-Shoes/dp/B07BS3R3P1
https://www.amazon.com/s?k=Hyperko+Boxing+Shoes,B007YJYLLO,$,-17.0,https://m.media-amazon.com/images/I/61m8w721sUL._AC_UL1500_.jpg,,Undefeated Wrestling Boxing Shoes,410,66.44,Hyperko Boxing Shoes,nan,4.5,https://www.amazon.com/Ringside-High-Boxing-Shoe-White/dp/B007YJYLLO
https://www.amazon.com/s?k=Hyperko+Boxing+Shoes,B091Z9MLRZ,$,-20.0,https://m.media-amazon.com/images/I/81J+GMAv1VL._AC_UL1500_.jpg,,Unisex-Adult Hog 3 Boxing Shoe,45,79.99,Hyperko Boxing Shoes,nan,4.7,https://www.amazon.com/adidas-Unisex-Boxing-Shadow-White/dp/B091Z9MLRZ
https://www.amazon.com/s?k=Hyperko+Boxing+Shoes,B07YRGF4BS,$,,https://m.media-amazon.com/images/I/61OmZ+o6vjL._AC_UL1500_.jpg,,Men's MetconSF Training Shoes,80,189.99,Hyperko Boxing Shoes,nan,4.3,https://www.amazon.com/Nike-Mens-MetconSF-Training-Shoes/dp/B07YRGF4BS
https://www.amazon.com/s?k=Hyperko+Boxing+Shoes,B07L1PRTQ3,$,,https://m.media-amazon.com/images/I/618uXOLPjSL._AC_UL1500_.jpg,,Mens Inflict 3 Wrestling Shoes,11,153.9,Hyperko Boxing Shoes,nan,4.0,https://www.amazon.com/Nike-Inflict-Wrestling-Shoes-White/dp/B07L1PRTQ3
https://www.amazon.com/s?k=Hyperko+Boxing+Shoes,B004BUM6YI,$,,https://m.media-amazon.com/images/I/51xPNIrv1IL._AC_UL1500_.jpg,,"Men's Training Shoes, Black, US10",5,55.8,Hyperko Boxing Shoes,nan,4.8,https://www.amazon.com/NIKE-Nike-Speedsweep-VII/dp/B004BUM6YI
https://www.amazon.com/s?k=Hyperko+Boxing+Shoes,B091Z9QFGQ,$,-20.0,https://m.media-amazon.com/images/I/71loLmtImGL._AC_UL1500_.jpg,,Unisex-Adult Hog 3 Boxing Shoe,30,80.17,Hyperko Boxing Shoes,nan,4.5,https://www.amazon.com/adidas-Unisex-Boxing-White-Shadow/dp/B091Z9QFGQ
https://www.amazon.com/s?k=Hyperko+Boxing+Shoes,B004BUSU0M,$,-7.0,https://m.media-amazon.com/images/I/51VUOxW155L._AC_UL1500_.jpg,,Men's Speedsweep VII Wrestling Shoes,250,70.45,Hyperko Boxing Shoes,nan,4.4,https://www.amazon.com/NIKE-O0057FLKUS884497166018-Nike-Speedsweep-VII/dp/B004BUSU0M
https://www.amazon.com/s?k=Hyperko+Boxing+Shoes,B091Z9LW8T,$,-10.0,https://m.media-amazon.com/images/I/71wAF-CZwVL._AC_UL1500_.jpg,,Unisex-Adult Speedex 18 Boxing Shoe,282,134.49,Hyperko Boxing Shoes,nan,4.6,https://www.amazon.com/adidas-Unisex-Speedex-Boxing-Metallic/dp/B091Z9LW8T
https://www.amazon.com/s?k=Hyperko+Boxing+Shoes,B06XWRS5XB,$,,https://m.media-amazon.com/images/I/81O4c+VwDbL._AC_UL1500_.jpg,,Unisex-Adult Combat Speed.5,721,99.99,Hyperko Boxing Shoes,nan,4.6,https://www.amazon.com/adidas-Combat-Speed-5-Silver-Metallic/dp/B06XWRS5XB
https://www.amazon.com/s?k=Hyperko+Boxing+Shoes,B01BPL5WF0,$,-13.0,https://m.media-amazon.com/images/I/61vUTY5yA0L._AC_UL1500_.jpg,,"Men's HVC Wrestling Shoe, Black/White/Iron Metallic, 12",271,52.49,Hyperko Boxing Shoes,nan,4.5,https://www.amazon.com/Adidas-Wrestling-Ankle-Strap-Black/dp/B01BPL5WF0
https://www.amazon.com/s?k=Hyperko+Boxing+Shoes,B07NDYV1G7,,,https://m.media-amazon.com/images/I/71QVfBVbNaL._AC_UL1500_.jpg,,Unisex-Adult Elite Boxing Shoes,508,,Hyperko Boxing Shoes,nan,4.6,https://www.amazon.com/Venum-Elite-Boxing-Shoes-Black/dp/B07NDYV1G7
https://www.amazon.com/s?k=Hyperko+Boxing+Shoes,B06Y3JH2WX,$,,https://m.media-amazon.com/images/I/81x8YmGTQ2L._AC_UL1500_.jpg,,Impact Red Diggital Wrestling Shoes (AC7491),360,109.99,Hyperko Boxing Shoes,nan,4.5,https://www.amazon.com/adidas-Impact-Wrestling-Shoes-Print/dp/B06Y3JH2WX
https://www.amazon.com/s?k=Hyperko+Boxing+Shoes,B01NCPZ2VQ,$,,https://m.media-amazon.com/images/I/71RIj29PWuL._AC_UL1500_.jpg,,"Title Speed-Flex Encore Mid Boxing Shoes, Black, 8",56,54.99,Hyperko Boxing Shoes,nan,4.2,https://www.amazon.com/Title-Speed-Flex-Encore-Boxing-Shoes/dp/B01NCPZ2VQ
https://www.amazon.com/s?k=Hyperko+Boxing+Shoes,B007YJYNY4,$,,https://m.media-amazon.com/images/I/81jaTXVDymL._AC_UL1500_.jpg,,Diablo Wrestling Boxing Shoes,219,69.99,Hyperko Boxing Shoes,nan,4.1,https://www.amazon.com/Ringside-Top-Boxing-Shoe-Black/dp/B007YJYNY4
https://www.amazon.com/s?k=Hyperko+Boxing+Shoes,B07NQM4GNN,$,-5.0,https://m.media-amazon.com/images/I/91fOhnFADvL._AC_UL1500_.jpg,,"Men's HVC Wrestling Shoe, White/Royal/Red, 9",74,56.95,Hyperko Boxing Shoes,nan,4.4,https://www.amazon.com/adidas-Wrestling-Ankle-Strap-White/dp/B07NQM4GNN
https://www.amazon.com/s?k=Hyperko+Boxing+Shoes,B00L3GRAZ8,$,,https://m.media-amazon.com/images/I/71iznAy1DYL._AC_UL1500_.jpg,,Men's Lunar Force 1 Duckboot '17,715,199.0,Hyperko Boxing Shoes,nan,4.5,https://www.amazon.com/Nike-Lunar-Force-Duckboot-17/dp/B00L3GRAZ8
https://www.amazon.com/s?k=Hyperko+Boxing+Shoes,B08FB8XG9M,$,,https://m.media-amazon.com/images/I/616FPUDxG3L._AC_UL1500_.jpg,,"Wrestling Shoes - High Traction Combat Sport Footwear - Durable Shoes for Wrestlers, Weightlifting Training - Nordic Style Combat Footwear, Athletic Equipment, Lightweight Gym Shoes",383,69.9,Hyperko Boxing Shoes,nan,4.1,https://www.amazon.com/Core-Wrestling-Shoes-Weightlifting-Lightweight/dp/B08FB8XG9M
https://www.amazon.com/s?k=Hyperko+Boxing+Shoes,B074F38118,$,-15.0,https://m.media-amazon.com/images/I/41snevjvoWL._AC_UL1500_.jpg,,Men's Varner Wrestling Shoe,233,101.99,Hyperko Boxing Shoes,nan,4.7,https://www.amazon.com/adidas-Adizero-Varner-Wrestling-Shoes/dp/B074F38118
https://www.amazon.com/s?k=Hyperko+Boxing+Shoes,B0057FM6WS,$,,https://m.media-amazon.com/images/I/71yZZhA1yPL._AC_UL1500_.jpg,,Men's Trail Running Shoes,1679,69.0,Hyperko Boxing Shoes,nan,4.5,https://www.amazon.com/Nike-React-Flyknit-Running-Shoes/dp/B0057FM6WS
https://www.amazon.com/s?k=Hyperko+Boxing+Shoes,B08MS9ZBNT,$,,https://m.media-amazon.com/images/I/61yyfv+So6L._AC_UL1500_.jpg,,Pro Boxing Shoe for Men & Women,631,119.0,Hyperko Boxing Shoes,nan,4.5,https://www.amazon.com/Hayabusa-Pro-Boxing-Shoe-Women/dp/B08MS9ZBNT
https://www.amazon.com/s?k=Hyperko+Boxing+Shoes,B07TDHYB4H,$,,https://m.media-amazon.com/images/I/71TfHjp5FDL._AC_UL1500_.jpg,,Men's Gymnastics Shoes,6160,132.94,Hyperko Boxing Shoes,nan,4.3,https://www.amazon.com/Nike-Metcon-Training-Shoes-Gunsmoke/dp/B07TDHYB4H
https://www.amazon.com/s?k=Hyperko+Boxing+Shoes,B082R76G7P,$,,https://m.media-amazon.com/images/I/81qaNf5hyEL._AC_UL1500_.jpg,,Men's Race Running Shoe,538,99.95,Hyperko Boxing Shoes,nan,4.6,https://www.amazon.com/Nike-Challenger-Black-White-CW7645/dp/B082R76G7P
https://www.amazon.com/s?k=Hyperko+Boxing+Shoes,B01BPL5PRK,$,-9.0,https://m.media-amazon.com/images/I/61vUTY5yA0L._AC_UL1500_.jpg,,"Men's HVC Wrestling Shoe, Black/White/Iron Metallic, 6.5",193,54.76,Hyperko Boxing Shoes,nan,4.6,https://www.amazon.com/Adidas-Wrestling-Ankle-Strap-Black/dp/B01BPL5PRK
https://www.amazon.com/s?k=Hyperko+Boxing+Shoes,B07JJVC1Y3,$,-18.0,https://m.media-amazon.com/images/I/71HaZGsP9YL._AC_UL1500_.jpg,,Men's Matcontrol Wrestling Shoes,660,69.95,Hyperko Boxing Shoes,nan,4.6,https://www.amazon.com/ASICS-Matcontrol-Wrestling-Performance-Black/dp/B07JJVC1Y3
https://www.amazon.com/s?k=Hyperko+Boxing+Shoes,B01BPL5VUG,$,-12.0,https://m.media-amazon.com/images/I/51ujhsCXuRL._AC_UL1500_.jpg,,Wrestling HVC Youth Laced Wrestling Shoe (Toddler/Little Kid/Big Kid),4399,52.55,Hyperko Boxing Shoes,nan,4.6,https://www.amazon.com/Adidas-Wrestling-Ankle-Strap-Black/dp/B01BPL5VUG
https://www.amazon.com/s?k=Hyperko+Boxing+Shoes,B078MG83DN,$,-8.0,https://m.media-amazon.com/images/I/71VgSPTxPnL._AC_UL1500_.jpg,,Mens Running Shoes Mesh Breathable Lightweight Cushioning Training Athletic Sneakers,3664,54.99,Hyperko Boxing Shoes,nan,4.5,https://www.amazon.com/Sneakers-Lightweight-Breathable-Training-Traveling/dp/B078MG83DN
https://www.amazon.com/s?k=Hyperko+Boxing+Shoes,B07JQ3G5QC,$,,https://m.media-amazon.com/images/I/61QoFsYOMVL._AC_UL1500_.jpg,,PIVT Low Top Boxing Shoes,223,89.99,Hyperko Boxing Shoes,nan,4.6,https://www.amazon.com/Everlast-PIVT-Low-Boxing-Shoes/dp/B07JQ3G5QC
https://www.amazon.com/s?k=Hyperko+Boxing+Shoes,B006IYTFBM,$,,https://m.media-amazon.com/images/I/715fiNSHyoL._AC_UL1500_.jpg,,Men's Court Graffik Casual Skate Shoes,13854,60.38,Hyperko Boxing Shoes,nan,4.7,https://www.amazon.com/DC-Court-Graffik-Skate-Black/dp/B006IYTFBM
https://www.amazon.com/s?k=Hyperko+Boxing+Shoes,B07YFMSTVS,$,,https://m.media-amazon.com/images/I/61BPYodMQhL._AC_UL1500_.jpg,,High Top Boxing Shoes Boxer Boots for Men Women Kids Red,2,55.0,Hyperko Boxing Shoes,nan,4.4,https://www.amazon.com/Sport-Pioneer-Boxing-Shoes-Boxer/dp/B07YFMSTVS
https://www.amazon.com/s?k=Hyperko+Boxing+Shoes,B07NQM6KCN,$,-6.0,https://m.media-amazon.com/images/I/91fOhnFADvL._AC_UL1500_.jpg,,"Men's HVC Wrestling Shoe, White/Royal/Red, 15",10,56.32,Hyperko Boxing Shoes,nan,4.0,https://www.amazon.com/adidas-Wrestling-Ankle-Strap-White/dp/B07NQM6KCN
https://www.amazon.com/s?k=Hyperko+Boxing+Shoes,B07K9CDZCB,$,-13.0,https://m.media-amazon.com/images/I/81h8LEsDoTL._AC_UL1500_.jpg,,Men's Matflex 6 Wrestling Shoes,5595,54.99,Hyperko Boxing Shoes,nan,4.4,https://www.amazon.com/ASICS-Matflex-Wrestling-Shoes-Silver/dp/B07K9CDZCB
https://www.amazon.com/s?k=Hyperko+Boxing+Shoes,B07NQR41VG,$,,https://m.media-amazon.com/images/I/71q8CxIWLTL._AC_UL1500_.jpg,,Men's Mat Hog 2.0 Wrestling Shoe,38,89.95,Hyperko Boxing Shoes,nan,4.6,https://www.amazon.com/adidas-Mens-Wrestling-Shoes-Black/dp/B07NQR41VG
https://www.amazon.com/s?k=Hyperko+Boxing+Shoes,B08CDSFW6S,$,,https://m.media-amazon.com/images/I/71IMFry6-ZL._AC_UL1500_.jpg,,Men's Fashion Sneaker Air Running Shoes for Men Athletics Sport Trainer Tennis Basketball Shoes,6187,39.99,Hyperko Boxing Shoes,nan,4.1,https://www.amazon.com/Socviis-Fashion-Sneaker-Athletics-Basketball/dp/B08CDSFW6S
https://www.amazon.com/s?k=Hyperko+Boxing+Shoes,B07RKYJY44,$,-8.0,https://m.media-amazon.com/images/I/81v8Gn79fmL._AC_UL1500_.jpg,,Men's Court Vision Low Sneaker,7823,91.89,Hyperko Boxing Shoes,nan,4.5,https://www.amazon.com/Nike-Vision-Sneaker-Blackwhite-Regular/dp/B07RKYJY44
https://www.amazon.com/s?k=Hyperko+Boxing+Shoes,B07BHYTWKW,,,https://m.media-amazon.com/images/I/61kBgbhyhpL._AC_UL1500_.jpg,,Men's Mat Wizard 4 Wrestling Shoe,1190,,Hyperko Boxing Shoes,nan,4.6,https://www.amazon.com/adidas-Wizard-Wrestling-Shoes-Carbon/dp/B07BHYTWKW
https://www.amazon.com/s?k=Hyperko+Boxing+Shoes,B07KKD9KB6,,,https://m.media-amazon.com/images/I/51fMD06hGFL._AC_UL1500_.jpg,,"Men's Speed Sweep VII Wrestling Shoes (Black/White/Black, 10 M US)",9,,Hyperko Boxing Shoes,nan,4.7,https://www.amazon.com/Speed-Sweep-Wrestling-Shoes-Black/dp/B07KKD9KB6
https://www.amazon.com/s?k=Hyperko+Boxing+Shoes,B086JFPPVY,$,,https://m.media-amazon.com/images/I/8139fI14AqS._AC_UL1500_.jpg,,High Top Running Shoes for Men Lightweight Breathable Mesh Walking Athletic Sneakers,961,69.99,Hyperko Boxing Shoes,nan,4.4,https://www.amazon.com/Soulsfeng-Lightweight-Breathable-Athletic-Sneakers/dp/B086JFPPVY
https://www.amazon.com/s?k=Hyperko+Boxing+Shoes,B07S7PLFKM,,,https://m.media-amazon.com/images/I/81Zz0umHAiL._AC_UL1500_.jpg,,Unisex-Adult Box Hog 3 Sneaker,381,,Hyperko Boxing Shoes,nan,4.6,https://www.amazon.com/adidas-Sneaker-core-Black-White/dp/B07S7PLFKM
https://www.amazon.com/s?k=Hyperko+Boxing+Shoes,B07LDYLFK1,$,,https://m.media-amazon.com/images/I/61xaeqJXkwL._AC_UL1500_.jpg,,Men's Fashion Sneakers - Lightweight Breathable Walking Shoes Running Shoes Mesh Workout Casual Sports Shoes,13178,32.99,Hyperko Boxing Shoes,nan,4.3,https://www.amazon.com/WXQ-Athletic-Lightweight-Sneakers-Breathable/dp/B07LDYLFK1
https://www.amazon.com/s?k=Hyperko+Boxing+Shoes,B07C2XXXGD,$,,https://m.media-amazon.com/images/I/71GyzXlZlRL._AC_UL1500_.jpg,,Women's FuelCore Nergize V1 Sneaker,53954,64.99,Hyperko Boxing Shoes,nan,4.4,https://www.amazon.com/New-Balance-Nergize-FuelCore-Sneaker/dp/B07C2XXXGD
https://www.amazon.com/s?k=Hyperko+Boxing+Shoes,B07ZWGT3RV,$,,https://m.media-amazon.com/images/I/71PV28PVWIL._AC_UL1500_.jpg,,Mens Hypersweep Wrestling Shoes,1,225.11,Hyperko Boxing Shoes,nan,1.0,https://www.amazon.com/Nike-Mens-Hypersweep-Wrestling-Shoes/dp/B07ZWGT3RV
https://www.amazon.com/s?k=Hyperko+Boxing+Shoes,B00Q77UPBY,,,https://m.media-amazon.com/images/I/81DUO6ppq5L._AC_UL1500_.jpg,,Men's Matflex 5 Wrestling Shoe,2442,,Hyperko Boxing Shoes,nan,4.3,https://www.amazon.com/ASICS-Matflex-5-M-Black-Silver/dp/B00Q77UPBY
https://www.amazon.com/s?k=Hyperko+Boxing+Shoes,B01N1W6H34,$,,https://m.media-amazon.com/images/I/61MQ-Cd0-rL._AC_UL1500_.jpg,,Title Speed-Flex Encore Tall Boxing Shoes Size 11 Black,33,54.99,Hyperko Boxing Shoes,nan,4.4,https://www.amazon.com/TITLE-Speed-Flex-Encore-Boxing-Shoes/dp/B01N1W6H34
https://www.amazon.com/s?k=Hyperko+Boxing+Shoes,B01NBOHGWJ,$,,https://m.media-amazon.com/images/I/41zJfzoTfsL._AC_UL1500_.jpg,,"TITLE BOXING Speed-Flex Encore Mid Boxing Shoes, Red, 11",17,54.99,Hyperko Boxing Shoes,nan,4.3,https://www.amazon.com/TITLE-Speed-Flex-Encore-Boxing-Shoes/dp/B01NBOHGWJ
https://www.amazon.com/s?k=Hyperko+Boxing+Shoes,B07BHYYWDT,,,https://m.media-amazon.com/images/I/71iv1yIy64L._AC_UL1500_.jpg,,Combat Speed 5 - Dark,35,,Hyperko Boxing Shoes,nan,4.1,https://www.amazon.com/adidas-Combat-Speed-Wrestling-Shoes/dp/B07BHYYWDT
https://www.amazon.com/s?k=Hyperko+Boxing+Shoes&page=2&qid=1661366320&ref=sr_pg_1,B01NBOHGWJ,$,,https://m.media-amazon.com/images/I/41zJfzoTfsL._AC_UL1500_.jpg,,"TITLE BOXING Speed-Flex Encore Mid Boxing Shoes, Red, 11",17,54.99,Hyperko Boxing Shoes,nan,4.3,https://www.amazon.com/TITLE-Speed-Flex-Encore-Boxing-Shoes/dp/B01NBOHGWJ
https://www.amazon.com/s?k=Hyperko+Boxing+Shoes&page=2&qid=1661366320&ref=sr_pg_1,B07S6MKMWH,$,,https://m.media-amazon.com/images/I/81Zz0umHAiL._AC_UL1500_.jpg,,Unisex-Adult Box Hog 3 Sneaker,17,89.99,Hyperko Boxing Shoes,nan,4.6,https://www.amazon.com/adidas-Sneaker-core-Black-White/dp/B07S6MKMWH
https://www.amazon.com/s?k=Hyperko+Boxing+Shoes&page=2&qid=1661366320&ref=sr_pg_1,B086JFPPVY,$,,https://m.media-amazon.com/images/I/8139fI14AqS._AC_UL1500_.jpg,,High Top Running Shoes for Men Lightweight Breathable Mesh Walking Athletic Sneakers,961,69.99,Hyperko Boxing Shoes,nan,4.4,https://www.amazon.com/Soulsfeng-Lightweight-Breathable-Athletic-Sneakers/dp/B086JFPPVY
https://www.amazon.com/s?k=Hyperko+Boxing+Shoes&page=2&qid=1661366320&ref=sr_pg_1,B0897CH58G,$,-20.0,https://m.media-amazon.com/images/I/71rD5CNnidL._AC_UL1500_.jpg,,Mens Athletic Walking Blade Running Tennis Shoes Fashion Sneakers,29796,34.46,Hyperko Boxing Shoes,nan,4.2,https://www.amazon.com/UMYOGO-Running-Cushioning-Athletic-Sneakers/dp/B0897CH58G
https://www.amazon.com/s?k=Hyperko+Boxing+Shoes&page=2&qid=1661366320&ref=sr_pg_1,B00Q77UPBY,,,https://m.media-amazon.com/images/I/81DUO6ppq5L._AC_UL1500_.jpg,,Men's Matflex 5 Wrestling Shoe,2442,,Hyperko Boxing Shoes,nan,4.3,https://www.amazon.com/ASICS-Matflex-5-M-Black-Silver/dp/B00Q77UPBY
https://www.amazon.com/s?k=Hyperko+Boxing+Shoes&page=2&qid=1661366320&ref=sr_pg_1,B07K7JXB8M,$,,https://m.media-amazon.com/images/I/61QwqUBacyL._AC_UL1500_.jpg,,High Upper Basketball Shoes Sneakers Men Breathable Sports Shoes Anti Slip,4164,35.99,Hyperko Boxing Shoes,nan,4.2,https://www.amazon.com/BEITA-Basketball-Sneakers-Breathable-Sports/dp/B07K7JXB8M
https://www.amazon.com/s?k=Hyperko+Boxing+Shoes&page=2&qid=1661366320&ref=sr_pg_1,B07SQQ4GW5,$,,https://m.media-amazon.com/images/I/81+CzsPLB6L._AC_UL1500_.jpg,,Mens Breathable Walking Tennis Running Shoes Blade Fashion Sneakers,17908,48.99,Hyperko Boxing Shoes,nan,4.2,https://www.amazon.com/Wonesion-Fitness-Workout-Comfortable-Sneakers/dp/B07SQQ4GW5
https://www.amazon.com/s?k=Hyperko+Boxing+Shoes&page=2&qid=1661366320&ref=sr_pg_1,B07LDYLFK1,$,,https://m.media-amazon.com/images/I/61xaeqJXkwL._AC_UL1500_.jpg,,Men's Fashion Sneakers - Lightweight Breathable Walking Shoes Running Shoes Mesh Workout Casual Sports Shoes,13178,32.99,Hyperko Boxing Shoes,nan,4.3,https://www.amazon.com/WXQ-Athletic-Lightweight-Sneakers-Breathable/dp/B07LDYLFK1
https://www.amazon.com/s?k=Hyperko+Boxing+Shoes&page=2&qid=1661366320&ref=sr_pg_1,B07XY95KJK,$,,https://m.media-amazon.com/images/I/71RquLTE86L._AC_UL1500_.jpg,,Men's Running Shoes Blade Non Slip Fashion Sneakers Breathable Mesh Soft Sole Casual Athletic Walking Shoes,6767,39.99,Hyperko Boxing Shoes,nan,4.2,https://www.amazon.com/Chopben-Sneakers-Breathable-Athletic-Lightweight/dp/B07XY95KJK
https://www.amazon.com/s?k=Hyperko+Boxing+Shoes&page=2&qid=1661366320&ref=sr_pg_1,B086BMBGXF,$,,https://m.media-amazon.com/images/I/710TwdLDZML._AC_UL1500_.jpg,,Men's Slip on Breathable Walking Shoes Ultra Lightweight Casual Sport Gym Fashion Sneakers,6054,29.99,Hyperko Boxing Shoes,nan,4.2,https://www.amazon.com/GSLMOLN-Lightweight-Breathable-Running-Shoes/dp/B086BMBGXF
https://www.amazon.com/s?k=Hyperko+Boxing+Shoes&page=2&qid=1661366320&ref=sr_pg_1,B07FKQ5X1R,$,,https://m.media-amazon.com/images/I/711FK6W4Z0L._AC_UL1500_.jpg,,Men's Non Slip Gym Sneakers Lightweight Breathable Athletic Running Walking Tennis Shoes,3003,39.99,Hyperko Boxing Shoes,nan,4.0,https://www.amazon.com/Feetmat-Athletic-Running-Walking-Sport/dp/B07FKQ5X1R
https://www.amazon.com/s?k=Hyperko+Boxing+Shoes&page=2&qid=1661366320&ref=sr_pg_1,B0831FTPMK,$,,https://m.media-amazon.com/images/I/712yvKf3FdL._AC_UL1500_.jpg,,Mens Amun Ra Sneakers High Top Chukka Boots for Man,178,159.99,Hyperko Boxing Shoes,nan,4.6,https://www.amazon.com/Negash-Black-Sneakers-Chukka-Man%EF%BC%8812%EF%BC%8CBlack%EF%BC%89/dp/B0831FTPMK
https://www.amazon.com/s?k=Hyperko+Boxing+Shoes&page=2&qid=1661366320&ref=sr_pg_1,B01MQZUQD4,$,,https://m.media-amazon.com/images/I/71rcM522TKL._AC_UL1500_.jpg,,Title Speed-Flex Encore Tall Boxing Shoes Size 9 Black/White,6,54.99,Hyperko Boxing Shoes,nan,3.5,https://www.amazon.com/TITLE-Speed-Flex-Encore-Boxing-Shoes/dp/B01MQZUQD4
